source,target
Vaudeville,Abbott and Costello
Vaudeville,Al Shean
Vaudeville,Buster Keaton
Vaudeville,Charlie Chaplin
Vaudeville,Danny Kaye
Vaudeville,Eddie Cantor
Vaudeville,Fatty Arbuckle
Vaudeville,Frank Fay
Vaudeville,Fred Allen
Vaudeville,George Burns
Vaudeville,Gracie Allen
Vaudeville,Henny Youngman
Vaudeville,Jack Benny
Vaudeville,Jerry Lewis
Vaudeville,Jimmy Durante
Vaudeville,Laurel and Hardy
Vaudeville,Mel Brooks
Vaudeville,Milton Berle
Vaudeville,Moms Mabley
Vaudeville,Olsen and Johnson
Vaudeville,Phil Silvers
Vaudeville,Red Skelton
Vaudeville,The Marx Brothers
Vaudeville,W.C. Fields
George Carlin,Adam Carolla
George Carlin,Andy Daly
George Carlin,Bill Burr
George Carlin,Bill Maher
George Carlin,Bo Burnham
George Carlin,Chris Rock
George Carlin,Colin Quinn
George Carlin,Dana Gould
George Carlin,Dave Attell
George Carlin,David Cross
George Carlin,Denis Leary
George Carlin,Eddie Griffin
George Carlin,Garry Shandling
George Carlin,Jay Leno
George Carlin,Jeff Garlin
George Carlin,Jerry Seinfeld
George Carlin,Jim Jefferies
George Carlin,Jim Norton
George Carlin,Jon Stewart
George Carlin,Kevin Hart
George Carlin,Kevin Smith
George Carlin,Lewis Black
George Carlin,Louis CK
George Carlin,Marc Maron
George Carlin,Patrice O'Neal
George Carlin,Patton Oswalt
George Carlin,Paul Provenza
George Carlin,Pauly Shore
George Carlin,Russell Peters
George Carlin,Stephen Colbert
George Carlin,Steven Wright
Adam Sandler,Iliza Shlesinger
Adam Sandler,Pete Davidson
Adam Sandler,Seth Rogen
Benny Hill,Adam Sandler
Benny Hill,Larry the Cable Guy
Peter Cook,Adam Sandler
Peter Cook,Craig Ferguson
Peter Cook,Jemaine Clement
Peter Cook,John Oliver
Peter Cook,Mike Myers
Peter Cook,Mitchell and Webb
Peter Cook,Robin Williams
Peter Cook,Rowan Atkinson
Peter Cook,Sacha Baron Cohen
Dudley Moore,Adam Sandler
Dudley Moore,Jemaine Clement
Dudley Moore,Mike Myers
Dudley Moore,Robin Williams
Dudley Moore,Rowan Atkinson
Derek & Clive,Adam Sandler
Steve Martin,Adam Scott
Steve Martin,Billy Eichner
Steve Martin,B.J. Novak
Steve Martin,Bo Burnham
Steve Martin,Bob Odenkirk
Steve Martin,Brian Posehn
Steve Martin,Brian Regan
Steve Martin,David Cross
Steve Martin,Ellen DeGeneres
Steve Martin,Jon Stewart
Steve Martin,Kevin Nealon
Steve Martin,Kristen Schaal
Steve Martin,Larry the Cable Guy
Steve Martin,Louis CK
Steve Martin,Maria Bamford
Steve Martin,Maya Rudolph
Steve Martin,Nick Offerman
Steve Martin,Patton Oswalt
Steve Martin,Paul F. Tompkins
Steve Martin,Pete Holmes
Steve Martin,Sarah Silverman
Steve Martin,Stephen Colbert
Steve Martin,Steve Carell
Steve Martin,The State
Steve Martin,Will Ferrell
David Letterman,Adam Scott
David Letterman,Andy Daly
David Letterman,Andy Richter
David Letterman,Chris Elliott
David Letterman,Chris Gethard
David Letterman,Conan O'Brien
David Letterman,Jim Gaffigan
David Letterman,Jimmy Kimmel
David Letterman,John Oliver
David Letterman,Jon Stewart
David Letterman,Norm Macdonald
David Letterman,Pete Holmes
David Letterman,Scott Aukerman
David Letterman,Seth Meyers
David Letterman,Stephen Colbert
David Letterman,Todd Barry
David Letterman,Tom Green
David Letterman,Zach Galifianakis
Albert Brooks,Adam Scott
Albert Brooks,Dana Gould
Albert Brooks,Jeff Garlin
Albert Brooks,Kevin Nealon
Albert Brooks,Kevin Pollak
Al Shean,The Marx Brothers
Alan King,Billy Crystal
Alan King,Jay Leno
Alan King,Jerry Seinfeld
Alan King,Sinbad
Milton Berle,Alan King
Milton Berle,Don Rickles
Milton Berle,Gilbert Gottfried
Milton Berle,Jeff Ross
Milton Berle,Johnny Carson
Milton Berle,Larry the Cable Guy
Milton Berle,Phyllis Diller
Milton Berle,Steve Martin
Danny Thomas,Alan King
Jack Benny,Albert Brooks
Jack Benny,Bob Newhart
Jack Benny,Carl Reiner
Jack Benny,Jack Paar
Jack Benny,Jeff Garlin
Jack Benny,John Mulaney
Jack Benny,Johnny Carson
Jack Benny,Louis Anderson
Jack Benny,Rita Rudner
Jack Benny,Steve Martin
Richard Pryor,Ali Wong
Richard Pryor,Arsenio Hall
Richard Pryor,Bernie Mac
Richard Pryor,Bill Bellamy
Richard Pryor,Bill Burr
Richard Pryor,Brad Garrett
Richard Pryor,Cedric the Entertainer
Richard Pryor,Chris Rock
Richard Pryor,Chris Tucker
Richard Pryor,Dave Attell
Richard Pryor,Dave Chappelle
Richard Pryor,David Cross
Richard Pryor,Denis Leary
Richard Pryor,Dennis Miller
Richard Pryor,DL Hughley
Richard Pryor,Eddie Griffin
Richard Pryor,Eddie Izzard
Richard Pryor,Eddie Murphy
Richard Pryor,Elayne Boosler
Richard Pryor,Hari Kondabolu
Richard Pryor,Howie Mandel
Richard Pryor,Jeff Garlin
Richard Pryor,Jerrod Carmichael
Richard Pryor,Jim Gaffigan
Richard Pryor,Jim Norton
Richard Pryor,Joe Rogan
Richard Pryor,John Oliver
Richard Pryor,Jon Stewart
Richard Pryor,Keegan-Michael Key
Richard Pryor,Larry Wilmore
Richard Pryor,Leslie Jones
Richard Pryor,Lewis Black
Richard Pryor,Louis CK
Richard Pryor,Marc Maron
Richard Pryor,Martin Lawrence
Richard Pryor,Mo'Nique
Richard Pryor,Patrice O'Neal
Richard Pryor,Patton Oswalt
Richard Pryor,Paul Mooney
Richard Pryor,Paul Provenza
Richard Pryor,Russell Brand
Richard Pryor,Sam Kinison
Richard Pryor,Sinbad
Richard Pryor,The Wayans'
Richard Pryor,Tiffany Haddish
Richard Pryor,Tig Notaro
Richard Pryor,Tommy Davidson
Richard Pryor,Trevor Noah
Richard Pryor,Whoopi Goldberg
Richard Pryor,Wyatt Cenac
Chris Rock,Ali Wong
Chris Rock,Aziz Ansari
Chris Rock,Hannibal Buress
Chris Rock,Hasan Minhaj
Chris Rock,John Mulaney
Chris Rock,Kevin Hart
Chris Rock,Lil Rel Howery
Chris Rock,Michael Che
Chris Rock,Michelle Wolf
Chris Rock,Neal Brennan
Chris Rock,Rob Delaney
Chris Rock,Trevor Noah
Chris Rock,W. Kamau Bell
Chris Rock,Wyatt Cenac
Patrice O'Neal,Ali Wong
Patrice O'Neal,Hannibal Buress
Dave Attell,Ali Wong
Dave Attell,Amy Schumer
Dave Attell,Jim Gaffigan
Dave Attell,Nick Swardson
Dave Attell,Nikki Glaser
Eddie Murphy,Ali Wong
Eddie Murphy,Bill Bellamy
Eddie Murphy,Cedric the Entertainer
Eddie Murphy,Chris Gethard
Eddie Murphy,Chris Rock
Eddie Murphy,Chris Tucker
Eddie Murphy,Craig Robinson
Eddie Murphy,Dave Chappelle
Eddie Murphy,Gabriel Iglesias
Eddie Murphy,Jason Sudeikis
Eddie Murphy,Jay Pharoah
Eddie Murphy,Jessica Williams
Eddie Murphy,Jordan Peele
Eddie Murphy,Kenan Thompson
Eddie Murphy,Kevin Hart
Eddie Murphy,Leslie Jones
Eddie Murphy,Maria Bamford
Eddie Murphy,Martin Lawrence
Eddie Murphy,Michael Che
Eddie Murphy,Russell Peters
Eddie Murphy,Tommy Davidson
Eddie Murphy,Tracy Morgan
Eddie Murphy,Trevor Noah
Eddie Murphy,W. Kamau Bell
Eddie Murphy,Wyatt Cenac
Amy Poehler,Cecily Strong
Amy Poehler,Jessica Williams
Carol Burnett,Amy Poehler
Carol Burnett,Amy Schumer
Carol Burnett,Jenny Slate
Carol Burnett,Kristen Wiig
Carol Burnett,Megan Mullally
Carol Burnett,Melissa McCarthy
Carol Burnett,Samanta Bee
Carol Burnett,Sandra Bernhard
Carol Burnett,Tina Fey
Gilda Radner,Amy Poehler
Gilda Radner,Jenny Slate
Gilda Radner,Jessi Klein
Gilda Radner,Keegan-Michael Key
Gilda Radner,Maya Rudolph
Gilda Radner,Melissa McCarthy
Gilda Radner,Rachel Bloom
Gilda Radner,Tig Notaro
Gilda Radner,Tina Fey
Joan Rivers,Amy Schumer
Joan Rivers,Billy Eichner
Joan Rivers,Kathy Griffin
Joan Rivers,Margaret Cho
Joan Rivers,Rachel Bloom
Joan Rivers,Sarah Silverman
Joan Rivers,Tig Notaro
Joan Rivers,Wanda Sykes
Lucille Ball,Amy Schumer
Lucille Ball,Carol Burnett
Lucille Ball,Gilda Radner
Lucille Ball,Julia Louis Dreyfus
Lucille Ball,Kate Micucci
Lucille Ball,Kristen Wiig
Lucille Ball,Lily Tomlin
Lucille Ball,Mary Tyler Moore
Lucille Ball,Melissa McCarthy
Lucille Ball,Paul Reubens
Lucille Ball,Samantha Bee
Lucille Ball,Wanda Sykes
Lucille Ball,Wyatt Cenac
Whoopi Goldberg,Amy Schumer
Whoopi Goldberg,Leslie Jones
Whoopi Goldberg,Melissa McCarthy
Whoopi Goldberg,Wanda Sykes
Julia Louis-Dreyfus,Amy Schumer
Julia Louis-Dreyfus,Melissa McCarthy
Julia Louis-Dreyfus,Tina Fey
Ernie Kovacs,Amy Sedaris
Ernie Kovacs,Billy Crystal
Ernie Kovacs,Chevy Chase
Ernie Kovacs,David Letterman
Ernie Kovacs,George Carlin
Ernie Kovacs,Rowan and Martin's Laugh-In
Ernie Kovacs,The Muppets
Red Skelton,Amy Sedaris
Red Skelton,Richard Pryor
Red Skelton,Sinbad
Red Skelton,Steve Martin
David Sedaris,Amy Sedaris
David Sedaris,B.J. Novak
SCTV,Amy Sedaris
SCTV,Ben Stiller
SCTV,Bill Hader
SCTV,Bob Odenkirk
SCTV,Conan O'Brien
SCTV,Dan Harmon
SCTV,Dana Carvey
SCTV,Fred Armisen
SCTV,Jimmy Kimmel
SCTV,Samantha Bee
SCTV,Seth Rogen
Martin Short,Andy Daly
Martin Short,Billy Eichner
Martin Short,Eric Andre
Conan O'Brien,Andy Daly
Conan O'Brien,John Krasinski
Conan O'Brien,John Mulaney
Conan O'Brien,Mindy Kaling
Conan O'Brien,Pete Holmes
Andy Kaufman,Andy Daly
Andy Kaufman,Chris Gethard
Andy Kaufman,David Cross
Andy Kaufman,Janeane Garofalo
Andy Kaufman,Jim Carrey
Andy Kaufman,Kevin Nealon
Andy Kaufman,Kristen Schaal
Andy Kaufman,Paul Reubens
Andy Kaufman,Scott Aukerman
Andy Kaufman,Tim & Eric
Andy Kaufman,Todd Barry
Peter Sellers,Andy Daly
Peter Sellers,Conan O'Brien
Peter Sellers,Demetri Martin
Peter Sellers,Eddie Izzard
Peter Sellers,Jim Carrey
Peter Sellers,Keegan-Michael Key
Peter Sellers,Mike Myers
Peter Sellers,Mitchell and Webb
Peter Sellers,Peter Cook
Peter Sellers,Rhys Darby
Peter Sellers,Robin Williams
Peter Sellers,Sacha Baron Cohen
Peter Sellers,Steve Carell
Peter Sellers,Will Ferrell
Charles Grodin,Andy Daly
Monty Python,Andy Daly
Monty Python,Bill Hader
Monty Python,Bob Odenkirk
Monty Python,Charlie Brooker
Monty Python,Chelsea Peretti
Monty Python,Craig Ferguson
Monty Python,Dana Carvey
Monty Python,David Cross
Monty Python,Doug Stanhope
Monty Python,Eddie Izzard
Monty Python,Fry and Laurie
Monty Python,Jack Handey
Monty Python,Jeff Garlin
Monty Python,John Oliver
Monty Python,Larry the Cable Guy
Monty Python,Larry Wilmore
Monty Python,Martin Short
Monty Python,Mike Myers
Monty Python,Noel Fielding
Monty Python,Patton Oswalt
Monty Python,Rhys Darby
Monty Python,Richard Ayoade
Monty Python,Rowan Atkinson
Monty Python,Sacha Baron Cohen
Monty Python,Seth MacFarlane
Monty Python,Seth Meyers
Monty Python,Stephen Colbert
Monty Python,Steve Coogan
Monty Python,The Kids in the Hall
Monty Python,The Simpsons
Monty Python,The State
Monty Python,The Wayans'
Monty Python,Tim & Eric
Monty Python,Trey Parker and Matt Stone
Sid Caesar,Andy Richter
Sid Caesar,Billy Crystal
Sid Caesar,Carl Reiner
Sid Caesar,Conan O'Brien
Sid Caesar,Mel Brooks
Sid Caesar,Neil Simon
Sid Caesar,Phyllis Diller
Sid Caesar,Sinbad
Rodney Dangerfield,Anthony Jeselnik
Rodney Dangerfield,Bob Saget
Rodney Dangerfield,Brad Garrett
Rodney Dangerfield,Chris Rock
Rodney Dangerfield,George Wallace
Rodney Dangerfield,Jay Leno
Rodney Dangerfield,Jimmy Fallon
Rodney Dangerfield,Robert Klein
Mitch Hedberg,Anthony Jeselnik
Mitch Hedberg,Dave Attell
Mitch Hedberg,Jordan Peele
Mitch Hedberg,Keegan-Michael Key
Mitch Hedberg,Mike Birbiglia
Andrew Dice Clay,Anthony Jeselnik
Andrew Dice Clay,Tracy Morgan
Steven Wright,Anthony Jeselnik
Steven Wright,David Cross
Steven Wright,Demetri Martin
Steven Wright,Jimmy Carr
Steven Wright,Judah Friedlander
Steven Wright,Mike Birbiglia
Don Rickles,Anthony Jeselnik
Don Rickles,Bob Saget
Don Rickles,Dave Attell
Don Rickles,Howard Stern
Don Rickles,Jeff Ross
Don Rickles,Marc Maron
Don Rickles,Norm Macdonald
Don Rickles,Russell Peters
Jack Handey,Anthony Jeselnik
Norm Macdonald,Anthony Jeselnik
Norm Macdonald,Colin Jost
Armando Iannucci,Charlie Brooker
Armando Iannucci,Steve Coogan
Billy Connolly,Armando Iannucci
Billy Connolly,Craig Ferguson
Billy Connolly,Eddie Izzard
Billy Connolly,Ross Noble
Woody Allen,Armando Iannucci
Woody Allen,Bill Hader
Woody Allen,Bob Odenkirk
Woody Allen,Chris Rock
Woody Allen,David Steinberg
Woody Allen,Ellen DeGeneres
Woody Allen,Garry Shandling
Woody Allen,Jeff Garlin
Woody Allen,Jim Norton
Woody Allen,John Mulaney
Woody Allen,Jon Lovitz
Woody Allen,Kevin Pollak
Woody Allen,Larry David
Woody Allen,Larry Wilmore
Woody Allen,Marc Maron
Woody Allen,Natasha Leggero
Woody Allen,Rachel Bloom
Woody Allen,Richard Ayoade
Woody Allen,Rita Rudner
Woody Allen,Seth MacFarlane
Woody Allen,Seth Meyers
Woody Allen,Stephen Merchant
Woody Allen,Steven Wright
Dick Gregory,Arsenio Hall
Dick Gregory,Bernie Mac
Dick Gregory,Chris Rock
Dick Gregory,Eddie Murphy
Dick Gregory,Richard Pryor
Redd Foxx,Arsenio Hall
Redd Foxx,Bernie Mac
Redd Foxx,Chris Rock
Redd Foxx,Dave Attell
Redd Foxx,Eddie Murphy
Redd Foxx,Mo'Nique
Redd Foxx,Richard Pryor
Redd Foxx,Rip Taylor
Redd Foxx,Sinbad
Redd Foxx,Tracy Morgan
Moms Mabley,Arsenio Hall
Moms Mabley,Bernie Mac
Moms Mabley,Joan Rivers
Moms Mabley,Kathy Griffin
Moms Mabley,Mo'Nique
Moms Mabley,Richard Pryor
Moms Mabley,Wanda Sykes
Moms Mabley,Whoopi Goldberg
Patton Oswalt,Aziz Ansari
Louis CK,Aziz Ansari
Louis CK,Patton Oswalt
Barry Crimmins,Bobcat Goldthwait
Barry Crimmins,Patton Oswalt
Barry Crimmins,Steven Wright
Lenny Bruce,Barry Crimmins
Lenny Bruce,Bill Maher
Lenny Bruce,David Cross
Lenny Bruce,David Steinberg
Lenny Bruce,Elayne Boosler
Lenny Bruce,George Carlin
Lenny Bruce,Joan Rivers
Lenny Bruce,Joe Rogan
Lenny Bruce,Jon Stewart
Lenny Bruce,Lewis Black
Lenny Bruce,Paul Mooney
Lenny Bruce,Paul Provenza
Lenny Bruce,Pauly Shore
Lenny Bruce,Richard Lewis
Lenny Bruce,Richard Pryor
Lenny Bruce,Robert Klein
Lenny Bruce,Robin Williams
Lenny Bruce,Rodney Dangerfield
Lenny Bruce,Steve Martin
Lenny Bruce,W. Kamau Bell
Lenny Bruce,Whoopi Goldberg
Max Miller,Benny Hill
Peter Waring,Benny Hill
Danny Kaye,Benny Hill
Danny Kaye,Carl Reiner
Danny Kaye,George Carlin
Danny Kaye,Sid Caesar
Charlie Chaplin,Benny Hill
Charlie Chaplin,Bob Saget
Charlie Chaplin,Bugs Bunny
Charlie Chaplin,Cantinflas
Charlie Chaplin,David Shiner
Charlie Chaplin,Gene Wilder
Charlie Chaplin,Gilda Radner
Charlie Chaplin,Jerry Lewis
Charlie Chaplin,Marcel Marceau
Charlie Chaplin,Mel Brooks
Charlie Chaplin,Phil Silvers
Charlie Chaplin,Rip Taylor
Charlie Chaplin,Sid Caesar
Nipsey Russell,Bernie Mac
Nipsey Russell,Sinbad
Bill Cosby,Bernie Mac
Bill Cosby,Bill Bellamy
Bill Cosby,Bill Burr
Bill Cosby,Billy Crystal
Bill Cosby,Brad Garrett
Bill Cosby,Chris Rock
Bill Cosby,Dave Chappelle
Bill Cosby,Eddie Griffin
Bill Cosby,Eddie Murphy
Bill Cosby,Jeff Foxworthy
Bill Cosby,Jerrod Carmichael
Bill Cosby,Jerry Seinfeld
Bill Cosby,Kevin Hart
Bill Cosby,Kevin Pollak
Bill Cosby,Larry Wilmore
Bill Cosby,Louis CK
Bill Cosby,Michael Che
Bill Cosby,Mike Birbiglia
Bill Cosby,Paula Poundstone
Bill Cosby,Ray Romano
Bill Cosby,Richard Pryor
Bill Cosby,Rob Delaney
Bill Cosby,Sinbad
Bill Cosby,Stephen Colbert
Bill Cosby,Trevor Noah
Bill Cosby,W. Kamau Bell
Bill Cosby,Wyatt Cenac
Flip Wilson,Bernie Mac
Flip Wilson,Chris Rock
Flip Wilson,Larry Wilmore
Flip Wilson,Paul Mooney
Flip Wilson,Sinbad
Buddy Hackett,Bernie Mac
Buddy Hackett,Jeff Ross
Buddy Hackett,Marc Maron
Jackie Gleason,Bernie Mac
Jackie Gleason,Brad Garrett
Jackie Gleason,Cedric the Entertainer
Jackie Gleason,Dan Aykroyd
Jackie Gleason,Seth MacFarlane
Jackie Gleason,Steve Martin
Bill Bailey,Bo Burnham
John Hegley,Bill Bailey
Bill Bellamy,Lil Rel Howery
Robin Williams,Bill Bellamy
Robin Williams,Brian Posehn
Robin Williams,Carrot Top
Robin Williams,Chris Gethard
Robin Williams,Eddie Murphy
Robin Williams,Frank Caliendo
Robin Williams,Gabriel Iglesias
Robin Williams,Josh Gad
Robin Williams,Louie Anderson
Robin Williams,Margaret Cho
Robin Williams,Paul F. Tompkins
Bill Burr,Pete Davidson
Bill Burr,Ron Funches
Sam Kinison,Bill Burr
Sam Kinison,Bill Hicks
Sam Kinison,Chris Rock
Sam Kinison,Dave Attell
Sam Kinison,Joe Rogan
Sam Kinison,Judah Friedlander
Sam Kinison,Norm MacDonald
Sam Kinison,Pauly Shore
Mel Brooks,Bill Hader
Mel Brooks,Billy Crystal
Mel Brooks,Billy Eichner
Mel Brooks,Kate McKinnon
Mel Brooks,Larry David
Mel Brooks,Maya Rudolph
Mel Brooks,Nick Kroll
Mel Brooks,Sacha Baron Cohen
Mel Brooks,Seth MacFarlane
This Is Spinal Tap,Bill Hader
Bill Hicks,Daniel Tosh
Bill Hicks,Dave Attell
Bill Hicks,Janeane Garofalo
Bill Hicks,Joe Rogan
Bill Hicks,Patton Oswalt
Bill Hicks,Russell Brand
Bill Hicks,W. Kamau Bell
Mamako Yoneyama,Bill Irwin
Johnny Carson,Bill Maher
Johnny Carson,Bob Saget
Johnny Carson,Brian Regan
Johnny Carson,Conan O'Brien
Johnny Carson,David Letterman
Johnny Carson,Jay Leno
Johnny Carson,Larry Wilmore
Johnny Carson,Louis Anderson
Robert Klein,Bill Maher
Robert Klein,Billy Crystal
Robert Klein,Elayne Boosler
Robert Klein,Jay Leno
Robert Klein,Jerry Seinfeld
Robert Klein,Kevin James
Robert Klein,Paul Reiser
Billy Crystal,Gabriel Iglesias
Steve Allen,Billy Crystal
Steve Allen,David Letterman
Steve Allen,George Carlin
Steve Allen,Jay Leno
Steve Allen,Steve Martin
Jonathan Winters,Billy Crystal
Jonathan Winters,Carrot Top
Jonathan Winters,Charles Fleischer
Jonathan Winters,David Cross
Jonathan Winters,Frank Caliendo
Jonathan Winters,George Carlin
Jonathan Winters,Jim Carrey
Jonathan Winters,Kevin Pollak
Jonathan Winters,Martin Short
Jonathan Winters,Patton Oswalt
Jonathan Winters,Phyllis Diller
Jonathan Winters,Robert Klein
Jonathan Winters,Robin Williams
Jonathan Winters,Ross Noble
Jonathan Winters,Sinbad
Laurel,Billy Crystal
Laurel,Cheech and Chong
Laurel,Chris Elliott
Laurel,Jerry Lewis
Laurel,Jonathan Winters
Laurel,Peter Sellers
Laurel,Ricky Gervais
Laurel,Soupy Sales
Laurel,Steve Martin
Laurel,Tim Conway
Hardy,Billy Crystal
Hardy,Cheech and Chong
Hardy,Chris Elliott
Hardy,Jerry Lewis
Hardy,Jonathan Winters
Hardy,Peter Sellers
Hardy,Ricky Gervais
Hardy,Soupy Sales
Hardy,Steve Martin
Hardy,Tim Conway
Nathan Lane,Billy Eichner
Sandra Bernhard,Billy Eichner
Bret McKenzie,Bo Burnham
Bret McKenzie,Russell Brand
Jemaine Clement,Bo Burnham
Jemaine Clement,Russell Brand
Demetri Martin,Bo Burnham
Stephen Lynch,Bo Burnham
Tim Minchin,Bo Burnham
Zach Galifianakis,Bo Burnham
Bob Hope,Chevy Chase
Bob Hope,Conan O'Brien
Bob Hope,Fred Willard
Bob Hope,Jay Leno
Bob Hope,Johnny Carson
Bob Hope,Larry the Cable Guy
Bob Hope,Louis Anderson
Bob Hope,Norm MacDonald
Bob Hope,Phyllis Diller
Bob Hope,Roy Chubby Brown
Bob Hope,Scott Aukerman
Bob Hope,Stephen Merchant
Bob Hope,Woody Allen
Frank Fay,Bob Hope
Frank Fay,Jack Benny
Frank Fay,Jack Paar
Frank Fay,Milton Berle
Bob Newhart,Ellen DeGeneres
Bob Newhart,John Mulaney
Bob Newhart,Lewis Black
Bob Newhart,Norm Macdonald
Bob Newhart,Ray Romano
Bob Newhart,Richard Pryor
George Burns,Bob Newhart
George Burns,Cary Grant
George Burns,Johnny Carson
Gracie Allen,Bob Newhart
Gracie Allen,Lily Tomlin
Bob,Bob Newhart
Bob,David Letterman
Bob,John Mulaney
Ray,Bob Newhart
Ray,David Letterman
Ray,John Mulaney
Bob Odenkirk,Dan Harmon
Bob Odenkirk,Scott Aukerman
Bob Odenkirk,Tim & Eric
the Credibility Gap,Bob Odenkirk
Bob & Ray,Bob Odenkirk
Bob & Ray,George Carlin
Bob & Ray,Johnny Carson
Dean Martin,Bob Saget
Dean Martin,Stephen Colbert
Martin Mull,Bob Saget
the Marx Brothers,Bob Saget
the Marx Brothers,Carl Reiner
the Marx Brothers,Craig Ferguson
the Marx Brothers,George Carlin
the Marx Brothers,Gilbert Gottfried
the Marx Brothers,Jonathan Winters
the Marx Brothers,Larry Wilmore
the Marx Brothers,Martin Short
the Marx Brothers,Mel Brooks
the Marx Brothers,Rip Taylor
the Marx Brothers,Soupy Sales
the Marx Brothers,Woody Allen
Bobcat Goldthwait,Patton Oswalt
Brian Regan,Nick Swardson
Brian Regan,Pete Holmes
the Smothers Brothers,Brian Regan
the Smothers Brothers,Tim & Eric
John Landis,Broken Lizard
Zucker Abrahams Zucker,Broken Lizard
Zucker Abrahams Zucker,Maya Rudolph
Zucker Abrahams Zucker,Scott Aukerman
Zucker Abrahams Zucker,The Wayans'
Zucker Abrahams Zucker,W. Kamau Bell
Bugs Bunny,Conan O'Brien
Bugs Bunny,Dave Chappelle
the Mark Brothers,Bugs Bunny
Buster Keaton,Bugs Bunny
Buster Keaton,Dick Van Dyke
Buster Keaton,Larry Wilmore
Buster Keaton,Lucille Ball
Buster Keaton,Mel Brooks
Buster Keaton,Richard Lewis
Buster Keaton,Sid Caesar
Harold Lloyd,Bugs Bunny
Fatty Arbuckle,Buster Keaton
Fatty Arbuckle,Charlie Chaplin
Pogo,Calvin and Hobbes
Pogo,The Muppets
Krazy Kat,Calvin and Hobbes
Peanuts,Calvin and Hobbes
Amos n Andy,Carl Reiner
Fred Allen,Carl Reiner
Fred Allen,George Carlin
Fred Allen,Henry Morgan
Fred Allen,Johnny Carson
Eddie Cantor,Carl Reiner
Cary Grant,Steve Martin
Cedric the Entertainer,Lil Rel Howery
Robin Harris,Cedric the Entertainer
Robin Harris,Chris Tucker
Robin Harris,DL Hughley
Charles Fleischer,Tiffany Haddish
The Marx Brothers,Charles Fleischer
Chris Morris,Charlie Brooker
Chris Morris,John Oliver
Chris Morris,Nathan Fielder
Chris Morris,Tim & Eric
Music Halls,Charlie Chaplin
Music Halls,Dan Leno
Fred Karno,Charlie Chaplin
Dan Leno,Charlie Chaplin
Dan Leno,Laurel and Hardy
Dan Leno,Peter Sellers
Abbott,Cheech and Chong
Abbott,George Carlin
Abbott,Jerry Seinfeld
Abbott,Tim & Eric
Costello,Cheech and Chong
Costello,George Carlin
Costello,Jerry Seinfeld
Costello,Tim & Eric
John Belushi,Chris Farley
John Belushi,Jimmy Fallon
John Belushi,Nick Offerman
Bill Murray,Chris Farley
Bill Murray,Jim Gaffigan
Bill Murray,Kumail Nanjiani
Bill Murray,Maya Rudolph
Bill Murray,Phil Hartman
Bill Murray,Wyatt Cenac
Bill Murray,Zach Galifianakis
Dan Ackroyd,Chris Farley
Howard Stern,Chris Gethard
Howard Stern,Jimmy Kimmel
Howard Stern,Kevin Smith
Richard Jeni,Chris Rock
Christopher Guest,Jordan Peele
Christopher Guest,Ricky Gervais
Christopher Guest,Stephen Lynch
Laurel & Hardy,Christopher Guest
Laurel & Hardy,Dick Van Dyke
Claude Kipnis,David Shiner
Marcel Marceau,Claude Kipnis
Colin Quinn,Michelle Wolf
Colin Quinn,Wyatt Cenac
W.C. Fields,Conan O'Brien
W.C. Fields,The Marx Brothers
W.C. Fields,Zach Galifianakis
Mad Magazine,Cracked Magazine
Mad Magazine,Dane Cook
Mad Magazine,Jon Stewart
Mad Magazine,Kevin Smith
Mad Magazine,Stephen Colbert
Mad Magazine,The Simpsons
Mad Magazine,Weird Al Yankovic
Mad Magazine,Zucker Abrahams Zucker
Dan Aykroyd,Maya Rudolph
Phil Silvers,Dan Aykroyd
Phil Silvers,Dick Van Dyke
David Cross,Dan Harmon
David Cross,Hari Kondabolu
David Cross,Scott Aukerman
David Cross,Tim & Eric
Douglas Adams,Dan Harmon
Dana Carvey,Stephen Colbert
Dana Gould,Nick Swardson
Dane Cook,Tiffany Haddish
SNL,Dane Cook
SNL,Fred Armisen
SNL,Jimmy Fallon
SNL,John Mulaney
SNL,Josh Gad
SNL,Kate McKinnon
SNL,Marc Maron
SNL,Maria Bamford
SNL,Maya Rudolph
SNL,Ray Romano
SNL,Robert Smigel
SNL,Tim Allen
Eddie Izzard,Dara Ã“ Briain
Eddie Izzard,Noel Fielding
Eddie Izzard,Stephen Merchant
Eddie Izzard,Trevor Noah
Dave Chappelle,Hannibal Buress
Dave Chappelle,John Mulaney
Dave Chappelle,Lil Rel Howery
Dave Chappelle,Ron Funches
Dave Chappelle,Trevor Noah
Paul Mooney,Dave Chappelle
Paul Mooney,Eddie Murphy
Paul Mooney,Hari Kondabolu
Paul Mooney,Richard Pryor
Paul Mooney,Sandra Bernhard
Jay Leno,David Letterman
Jay Leno,Dennis Miller
Jay Leno,Jerry Seinfeld
Jay Leno,Norm Macdonald
Jay Leno,Patton Oswalt
Lenny Schultz,David Letterman
David Steinberg,Jay Leno
Dawn French,Rebel Wilson
Morecambe & Wise,Dawn French
The Far Side,Demetri Martin
Dennis Miller,Greg Fitzsimmons
Dennis Miller,Seth Meyers
Jonathan Miller,Dennis Miller
Jonathan Miller,Rowan Atkinson
Richard Belzer,Dennis Miller
Dick Van Dyke,Martin Short
Dick Van Dyke,Mary Tyler Moore
National Lampoon,Doug Stanhope
National Lampoon,Martin Mull
National Lampoon,The Simpsons
National Lampoon,The State
Jon Stewart,Ed Helms
Jon Stewart,Hasan Minhaj
Jon Stewart,John Oliver
Jon Stewart,Larry Wilmore
Jon Stewart,Rob Corddry
Jon Stewart,Samantha Bee
Jon Stewart,Stephen Colbert
Jon Stewart,Trevor Noah
Spike Milligan,Eddie Izzard
Spike Milligan,Mitchell and Webb
Spike Milligan,Noel Fielding
Spike Milligan,Peter Cook
Spike Milligan,Rhys Darby
Spike Milligan,Robin Williams
Harry Secombe,Eddie Izzard
Harry Secombe,Peter Cook
Harry Secombe,Robin Williams
Rudy Ray Moore,Eddie Murphy
Rudy Ray Moore,Sam Kinison
Ellen DeGeneres,Tig Notaro
TJ & Dave,Ellie Kemper
Sacha Baron Cohen,Eric Andre
The Simpsons,Eric Andre
The Simpsons,John Mulaney
Tom Green,Eric Andre
Tom Green,Nathan Fielder
Shecky Greene,Fred Willard
Paul Rodriguez,Gabriel Iglesias
Garry Shandling,Jerry Seinfeld
Garry Shandling,Ricky Gervais
Garry Shandling,Sarah Silverman
Garry Shandling,The Simpsons
Gene Wilder,Maya Rudolph
George Ade,Jean Shepherd
George Ade,P.G. Wodehouse
George Ade,S.J. Perelman
George Ade,Will Rogers
Mark Twain,George Ade
Jerry Lester,George Carlin
Jerry Lewis,George Carlin
Jerry Lewis,Jerry Seinfeld
Jerry Lewis,Jim Carrey
Jerry Lewis,Martin Short
Jerry Lewis,Richard Belzer
Jerry Lewis,Richard Lewis
Jerry Lewis,Steve Martin
The Ritz Brothers,George Carlin
Stan Freberg,George Carlin
Stan Freberg,Weird Al Yankovic
Spike Jones,George Carlin
Spike Jones,Weird Al Yankovic
Mort Sahl,George Carlin
Mort Sahl,Jay Leno
Mort Sahl,Robin Williams
Mort Sahl,Woody Allen
Nichols & May,George Carlin
Freddie Prinze,George Lopez
Freddie Prinze,Paul Rodriguez
David Brenner,George Wallace
David Brenner,Jay Leno
David Brenner,Louie Anderson
David Brenner,Paul Reiser
David Brenner,Richard Lewis
Henny Youngman,Gilbert Gottfried
Louie CK,Hannibal Buress
Martin Lawrence,Hannibal Buress
Martin Lawrence,Jordan Peele
Martin Lawrence,Keegan-Michael Key
Martin Lawrence,Kevin Hart
Martin Lawrence,Michael Che
Margaret Cho,Hari Kondabolu
Margaret Cho,Jonathan Van Ness
Stewart Lee,Hari Kondabolu
Stewart Lee,Noel Fielding
Stewart Lee,Russell Brand
Stewart Lee,Steve Coogan
Marc Maron,Hari Kondabolu
Lewis Black,Hari Kondabolu
Henry Morgan,Mort Sahl
Henry Morgan,Sid Caesar
Will Ferrell,Iliza Shlesinger
Jennifer Saunders,Iliza Shlesinger
Jennifer Saunders,Rebel Wilson
Mike Myers,Iliza Shlesinger
Jim Carrey,Iliza Shlesinger
Jim Carrey,Rhys Darby
,Iliza Shlesinger
the Kids in the Hall,Iliza Shlesinger
Graham Norton,James Corden
Chris Evans,James Corden
Jonathan Ross ,James Corden
Janeane Garofalo,Jessi Klein
Janeane Garofalo,Lena Dunham
The Muppets,Jason Segel
The Muppets,Ricky Gervais
George Wendt,Jason Sudeikis
Mick Napier,Jason Sudeikis
Mick Napier,Stephen Colbert
Jackie Mason,Jay Leno
Jean Shepherd,Jerry Seinfeld
Jimmy Durante,Jeff Garlin
Shelley Berman,Jeff Garlin
Shelley Berman,Lewis Black
Shelley Berman,Marc Maron
Cheech,Jeff Ross
Cheech,Marc Maron
Cheech,Pauly Shore
Chong,Jeff Ross
Chong,Marc Maron
Chong,Pauly Shore
 Garry Shandling,Jemaine Clement
Rowan Atkinson,Jemaine Clement
Rowan Atkinson,Rhys Darby
John Clarke,Jemaine Clement
John Clarke,Rhys Darby
Lily Tomlin,Jenny Slate
Lily Tomlin,Lewis Black
Lily Tomlin,Maya Rudolph
Lily Tomlin,Paula Poundstone
Lily Tomlin,Sandra Bernhard
Madeline Kahn,Jenny Slate
Madeline Kahn,Julia Louis Dreyfus
Madeline Kahn,Kristin Chenoweth
Madeline Kahn,Maya Rudolph
Bea Arthur,Jerrod Carmichael
the Ritz Brothers,Jerry Lewis
the Ritz Brothers,Mel Brooks
the Ritz Brothers,Sid Caesar
the Ritz Brothers,Soupy Sales
Jerry Seinfeld,Jim Gaffigan
Jerry Seinfeld,John Mulaney
Jerry Seinfeld,Kevin Hart
Jerry Seinfeld,Michael Che
Jerry Seinfeld,Norm Macdonald
Jerry Seinfeld,Pete Holmes
Paula Poundstone,Jessi Klein
Paula Poundstone,Tig Notaro
Tina Fey,Jessica Williams
Maya Rudolph,Jessica Williams
Samantha Bee,Jessica Williams
Emo Philips,Jimmy Carr
John Moloney,Jimmy Carr
Phyllis Diller,Joan Rivers
Phyllis Diller,Roseanne Barr
Spalding Gray,John Mulaney
Desi Arnez,John Mulaney
Erin Gibson,Jonathan Van Ness
James Thurber,Jonathan Winters
Stephen Colbert,Jordan Klepper
Stephen Colbert,Mindy Kaling
Phil Hartman,Jordan Peele
Ricky Gervais,Jordan Peele
Ricky Gervais,Keegan-Michael Key
the Wayans',Jordan Peele
the Wayans',Michael Che
the Wayans',Tiffany Haddish
Neil Simon,Josh Gad
Neil Simon,Natasha Leggero
John Mulrooney,Judah Friedlander
Mary Tyler Moore,Julia Louis Dreyfus
Mary Tyler Moore,Lena Dunham
Mary Tyler Moore,Megan Mullally
Mary Tyler Moore,Rachel Bloom
Mary Tyler Moore,Samantha Bee
Mary Tyler Moore,Sandra Bernhard
Teri Garr,Julia Louis Dreyfus
Teri Garr,Kristen Wiig
Norman Lear,Julia Louis Dreyfus
Norman Lear,Seth MacFarlane
Norman Lear,Trey Parker and Matt Stone
Christoper Guest,Kate McKinnon
Ken Dodd,Roy Chubby Brown
Arthur Askey,Ken Dodd
Joan Cusack,Kristen Wiig
Hugh Grant,Kumail Nanjiani
The Wayans',Larry Wilmore
Joe Ancis,Lenny Bruce
Joe Ancis,Rodney Dangerfield
Joe Maini,Lenny Bruce
Lord Buckley,Lenny Bruce
Imogene Coca,Lily Tomlin
Jean Carroll,Lily Tomlin
Nichols,Lily Tomlin
Nichols,Robin Williams
Nichols,Steve Martin
Nichols,Whoopi Goldberg
May,Lily Tomlin
May,Robin Williams
May,Steve Martin
May,Whoopi Goldberg
the Unknown Comic,Louis CK
Richard Lewis,Louis CK
Jake Johannsen,Louis CK
Stephen Wright,Louis CK
Carole Lombard,Lucille Ball
Jackie Vernon,Marc Maron
Nora Dunn,Maria Bamford
Jan Hooks,Maria Bamford
Artemus Ward,Mark Twain
Bret Harte,Mark Twain
Mae West,Maya Rudolph
Mae West,Natasha Leggero
Cloris Leachman,Maya Rudolph
Catherine O'Hara,Maya Rudolph
the Three Stooges,Mel Brooks
Louis C.K.,Michelle Wolf
Fawlty Towers,Mindy Kaling
Fry,Mitchell and Webb
Laurie,Mitchell and Webb
the Goon Show,Monty Python
Flanagan & Allen,Morecambe & Wise
John Waters,Natasha Leggero
Anthony Clark,Nick Swardson
Sarah Silverman,Nikki Glaser
Sarah Silverman,Wyatt Cenac
Harry Hill,Noel Fielding
P.G. Wodehouse,Seth Meyers
Blaine Capatch,Patton Oswalt
Mark Voyce,Patton Oswalt
Emo Phillips,Patton Oswalt
Rick Foxx,Paul Mooney
Paul Reubens,Scott Aukerman
Laugh-In,Paula Poundstone
Louie _______,Pete Davidson
Larry Miller,Ray Romano
The State,Riki Lindhome
The State,Rob Corddry
Mickey Rooney,Rip Taylor
Robert Smigel,Stephen Colbert
Tig Notaro,Ron Funches
Olsen,Rowan and Martin's Laugh-In
Johnson,Rowan and Martin's Laugh-In
Jacques Tati,Rowan Atkinson
Jacques Tati,Steve Coogan
Bernard Manning,Roy Chubby Brown
Tenacious D,Russell Brand
Tenacious D,The Lonely Island
Betty White,Samantha Bee
Joan Rivers ,Samantha Bee
Lotus Weinstock,Sandra Bernhard
Lee Cornes,Sean Lock
Dave Allen,Sean Lock
Rowan,Sesame Street
Rowan,SNL
Martin's Laugh-In,Sesame Street
Martin's Laugh-In,SNL
The Kids in the Hall,Seth Rogen
Soupy Sales,Tim & Eric
Don Novello,Stephen Colbert
Lewis Carroll,Steve Martin
Tom Lehrer,Steve Martin
Tom Lehrer,Weird Al Yankovic
Ted Chippington,Stewart Lee
Edgar Bergen,The Muppets
Paul Gilbert,The Unknown Comic
Roger Rabbit,Tiffany Haddish
Amelia Bedelia,Tig Notaro
Look Around You,Tim & Eric
Sammy Davis Jr.,Tommy Davidson
Concert Saloons,Vaudeville
Dime Museums,Vaudeville
Minstrel Shows,Vaudeville
Tony Pastor,Vaudeville
Henry Rollins,W. Kamau Bell
Allan Sherman,Weird Al Yankovic
Danny Simon,Woody Allen
